{
  "Component.js": 1753714030065,
  "i18n/i18n.properties": 1753714044776,
  "controller/Dashboard.controller.js": 1753718736744,
  "controller/ChartController.js": 1753711251068,
  "controller/App.controller.js": 1753717249224,
  "controller/AnalyticalTableController.js": 1753711404054,
  "manifest.json": 1753720074122,
  "i18n/i18n_en_GB.properties": 1753714252194,
  "controller/ChartController-dbg.js": 1753711251068,
  "controller/ChartController.js.map": 1753720226400,
  "controller/Dashboard-dbg.controller.js": 1753718736744,
  "controller/Dashboard.controller.js.map": 1753720226420,
  "controller/App-dbg.controller.js": 1753717249224,
  "controller/App.controller.js.map": 1753720226411,
  "controller/AnalyticalTableController-dbg.js": 1753711404054,
  "controller/AnalyticalTableController.js.map": 1753720226403,
  "Component-dbg.js": 1753714030065,
  "Component.js.map": 1753720226403,
  "Component-preload.js": 1753720226617,
  "Component-preload.js.map": 1753720226618,
  "view/TrendCharts.view.xml": 1753711273339,
  "view/TrendCharts.fragment.xml": 1753712624884,
  "view/Dashboard.view.xml": 1753719775641,
  "view/App.view.xml": 1753720202485,
  "css/style.css": 1753719838325,
  "index.html": 1753714703318,
  "debug.html": 1753714302514
}