tailNumber;vibration_level;flight_hours;brake_wear;oil_particle_count;engine_temperature;hydraulic_pressure;weather_stress_index;aircraft_age
SA8880;0.22;11452;70.47;15379;1162.87;2254.08;0.75;27
KE2815;0.13;4722;17.23;1224;546.36;2848.74;0.07;7
DL6343;0.11;5404;9.98;2121;624.8;2817.26;0.14;8
QR5924;0.49;15127;79.37;17158;928.27;2151.0;0.82;28
AF1454;0.24;11904;73.21;12974;1078.39;2076.9;0.85;29
ET4010;0.26;14308;80.84;13249;968.84;2402.88;0.73;28
SK3823;0.09;4940;18.95;865;531.89;3164.91;0.07;7
LA9571;0.4;13854;78.85;15059;1147.0;2154.3;0.99;27
AA7291;0.27;14808;71.65;12692;1085.37;2076.52;0.92;25
BA8817;0.29;15981;76.27;14577;1000.3;2319.96;0.77;26
AF8764;0.35;15460;73.17;10492;1019.32;2410.63;0.89;27
WN2726;0.45;10463;79.79;10948;1028.62;2376.81;0.89;28
AC1756;0.11;5286;5.97;1329;530.22;3016.46;0.22;9
SA7667;0.12;4860;6.75;819;529.97;2913.06;0.28;2
TG8482;0.1;4729;4.35;1566;531.02;3027.05;0.27;8
TG5949;0.12;5170;4.17;1375;603.04;2945.09;0.22;3
SK7047;0.14;5740;14.07;2090;534.29;2917.22;0.01;6
AC5785;0.1;5623;1.51;662;645.14;2859.02;0.17;8
SQ7108;0.12;4466;5.74;1058;578.12;2985.46;0.06;2
TG3656;0.23;14646;85.06;12157;1131.6;2371.9;0.85;27
AV3043;0.42;15675;72.37;11085;965.33;2168.21;0.71;27
WN7069;0.25;12263;73.09;16105;941.3;2095.64;1.0;29
AZ8773;0.08;4167;1.6;1344;645.63;2919.9;0.25;7
ET2023;0.39;13736;72.6;12395;958.39;2360.89;0.94;25
AV2901;0.43;15531;77.35;12631;1059.68;2386.55;0.73;27
AI9700;0.3;13302;70.63;18707;1175.49;2325.45;0.96;27
SQ2554;0.25;15007;85.72;13120;1148.61;2292.09;0.83;27
ET6215;0.1;3437;13.1;1459;573.91;3093.41;0.15;4
CX4520;0.13;3615;2.27;2340;512.92;2865.89;0.04;3
SK1999;0.06;5962;14.76;1831;559.52;3160.93;0.04;4
AI6681;0.32;12007;77.9;12133;1172.58;2041.26;0.81;28
AV6230;0.08;4793;12.29;1664;601.43;3174.3;0.16;7
KL9159;0.23;15507;81.16;16652;1121.86;2168.3;0.94;27
AA4201;0.14;3680;3.7;680;558.47;3157.92;0.08;8
TG8972;0.07;5534;19.19;1916;522.23;2864.35;0.06;7
LH6321;0.11;5396;10.78;1559;581.53;3123.01;0.13;3
TG9555;0.08;5751;11.13;2271;523.71;3006.59;0.13;5
KE7078;0.43;10768;74.08;12904;1115.29;2081.94;0.96;29
NH6079;0.44;15998;75.91;11599;1071.08;2414.56;0.74;29
AM7303;0.43;11656;73.61;11101;1123.21;2301.77;0.72;26
TG7094;0.1;4796;19.95;2428;610.04;3170.17;0.26;9
ET7092;0.38;10057;78.26;11907;1001.54;2370.12;0.84;26
BA1442;0.43;13562;81.24;12985;965.0;2225.16;0.87;28
LH3478;0.13;4956;2.5;2037;541.09;2839.3;0.27;5
AC2804;0.26;11330;84.63;15873;1067.59;2070.2;0.86;26
BA1907;0.11;3076;1.93;1146;601.53;2811.61;0.04;6
SK9521;0.08;5145;8.6;1154;530.35;3154.09;0.12;8
KL6095;0.33;14170;82.26;16120;960.84;2456.04;0.84;29
SK6503;0.47;11900;85.19;19210;1088.86;2204.24;0.79;25
AM3135;0.14;5302;8.8;1192;558.9;2942.73;0.27;2
KE5043;0.13;3486;6.66;660;610.6;2853.88;0.22;7
AI4437;0.08;4161;10.36;2152;510.24;2967.12;0.18;1
AZ2844;0.27;12139;79.06;12942;965.44;2130.03;0.98;27
KL1090;0.12;5671;11.39;1441;532.41;2830.47;0.07;3
NZ4614;0.39;12029;71.66;14359;1101.38;2378.71;0.77;29
AM6576;0.13;3754;18.74;2191;503.42;2921.58;0.02;6
AZ7819;0.15;3126;16.17;1630;514.01;2960.42;0.13;0
IB3864;0.07;5523;1.64;980;536.12;3125.31;0.19;4
QF4285;0.4;13571;78.75;15638;1089.14;2138.75;0.83;25
KL2216;0.14;4943;10.17;2452;531.75;2809.43;0.23;1
IB3853;0.06;3451;10.55;2346;600.84;3123.61;0.11;1
AA7448;0.43;12056;81.45;16615;1179.64;2324.52;0.8;26
DL1887;0.41;14681;75.4;10638;1063.74;2204.44;0.74;28
UA8589;0.13;5129;5.72;1438;584.4;2832.29;0.27;0
LH8573;0.08;3640;15.23;1817;543.8;3085.24;0.05;8
AM5855;0.12;4725;14.91;1477;616.71;2983.24;0.09;9
AM4292;0.13;3393;11.03;885;595.7;3052.97;0.25;1
AV3764;0.06;4943;8.18;2314;601.11;3068.63;0.27;8
NH8398;0.06;4059;7.19;1843;614.86;2859.15;0.25;3
AV6390;0.06;3148;17.28;893;538.41;3016.52;0.01;0
KE5891;0.1;4114;13.79;2348;593.01;3121.01;0.26;6
UA9984;0.29;11745;71.83;18415;1048.87;2195.99;0.83;26
UA3491;0.09;4748;11.88;1278;597.23;3130.53;0.03;6
AV8222;0.27;15066;75.12;11435;935.0;2006.78;0.7;27
SK2136;0.43;12558;73.28;12457;1015.87;2022.42;0.8;28
AZ8666;0.15;3577;10.13;920;552.38;2845.37;0.09;7
SK2386;0.32;10107;83.12;13505;920.02;2339.72;0.9;29
AV7364;0.25;14201;70.77;14426;911.34;2005.08;0.9;26
IB9873;0.48;12301;82.95;14287;1118.54;2225.23;0.93;28
QF6818;0.14;3962;14.37;1090;540.01;3104.48;0.03;7
LH6645;0.13;5323;6.53;1552;571.73;3023.79;0.14;1
AI9907;0.33;14760;79.12;11252;1014.5;2332.55;0.73;29
KL3748;0.32;13680;76.57;19171;914.05;2114.72;0.97;25
TG4162;0.09;3439;12.09;1886;625.44;2979.61;0.02;9
BA7019;0.32;10169;70.3;12222;1152.3;2108.83;0.78;29
TG3333;0.45;10194;72.9;16577;956.77;2316.36;0.98;27
QF3037;0.41;11222;73.05;15114;1082.39;2427.09;0.95;27
ET5945;0.06;3129;4.67;2307;538.5;3155.89;0.18;3
IB8450;0.44;14451;70.77;11433;929.91;2218.04;0.99;28
TG5206;0.15;3728;5.55;2130;601.56;2842.02;0.05;3
AI5401;0.12;4423;1.59;2105;514.3;2830.0;0.1;5
NH9612;0.1;5052;7.77;1055;564.48;3073.27;0.01;7
SK3007;0.11;4349;9.57;1994;547.71;3181.36;0.3;8
KE8507;0.43;13838;71.38;19290;1025.21;2237.33;0.93;25
SK9204;0.07;5650;16.68;2165;553.2;3143.74;0.15;7
TG3277;0.48;13167;71.31;19932;1134.64;2473.35;0.97;26
BA6235;0.1;3741;9.46;1720;647.64;3098.68;0.21;1
DL2657;0.06;3400;0.03;1098;519.68;3011.62;0.05;8
AI6155;0.42;11808;80.65;15512;902.07;2106.2;0.85;26
EK6800;0.45;14166;74.05;16013;1109.13;2238.9;0.76;29
CX9286;0.38;14699;76.43;13371;959.69;2112.88;0.73;25
UA5079;0.45;15294;82.76;19737;1177.51;2268.81;0.93;29
IB8526;0.32;14660;73.32;18405;958.85;2418.01;0.77;26
LH7515;0.12;3535;7.01;2034;535.08;3175.19;0.02;6
EK8700;0.07;5744;6.09;1681;538.85;2903.3;0.04;0
AM3006;0.08;5957;15.38;1908;585.75;3194.45;0.06;2
SK9524;0.07;4515;13.0;2234;622.96;2837.56;0.08;9
QF3355;0.32;13786;79.68;16607;957.79;2471.6;0.89;26
AF9595;0.36;13988;74.66;13500;1101.05;2106.39;0.91;25
KE7320;0.41;14606;74.63;17292;946.1;2459.58;0.74;26
UA2278;0.11;3525;1.34;1351;619.65;2985.49;0.27;7
CX6791;0.33;14689;84.19;17366;1052.57;2473.35;0.96;27
QR9095;0.23;15147;71.98;19528;1135.66;2399.88;0.83;27
AI8840;0.24;15366;76.12;10041;1012.72;2071.13;0.83;26
LH6171;0.06;5309;14.55;2346;580.82;2814.8;0.1;0
ET9985;0.3;10838;75.78;19199;1044.53;2320.29;0.81;25
CX7337;0.48;12795;74.61;13887;987.04;2388.58;0.71;28
UA4382;0.25;13993;76.75;19386;1037.4;2417.45;0.73;26
AC1283;0.05;5596;17.59;1564;623.26;3141.9;0.22;6
SQ9917;0.28;10274;84.87;13362;1153.53;2011.06;0.91;26
AI2223;0.07;5719;13.43;2061;590.21;2935.38;0.04;4
BA2345;0.4;14555;85.22;12319;920.08;2137.32;0.85;27
WN9889;0.11;5490;18.27;982;564.08;3023.35;0.0;6
KE3610;0.37;14707;77.71;11558;1065.24;2341.07;0.93;27
AF5655;0.12;4888;9.77;2379;539.62;2897.27;0.18;0
UA8267;0.06;4305;4.72;1945;559.19;2954.26;0.26;1
NH5700;0.11;5945;7.99;2082;638.0;3181.02;0.19;8
ET4158;0.14;4466;10.42;2052;595.89;3189.54;0.08;9
SA6127;0.43;11307;80.53;12506;910.4;2355.37;0.87;25
WN8596;0.12;5211;2.57;1485;607.57;2817.78;0.04;7
SK4970;0.37;13023;73.28;18840;1154.48;2462.78;0.83;25
NH1625;0.44;15604;70.56;10546;1119.32;2353.01;0.77;25
NH8860;0.41;12927;74.88;15780;1082.37;2492.27;0.91;27
AZ6013;0.13;3973;16.2;1020;545.91;2986.86;0.22;6
AZ2754;0.13;5369;17.77;1768;648.29;2870.41;0.17;9
KL1655;0.3;15851;73.43;15402;1057.47;2487.05;0.73;28
AV6391;0.3;15163;74.27;11922;1184.66;2174.36;0.88;28
QF3102;0.1;5249;3.26;1242;558.97;2983.9;0.08;6
SK4443;0.1;5912;15.37;1138;526.19;3188.93;0.11;8
SK8606;0.07;3889;12.59;2080;500.49;3025.06;0.05;9
EK2146;0.08;4697;17.74;1741;564.28;3125.47;0.2;4
QF5890;0.36;14176;73.19;13967;962.96;2091.52;1.0;29
SQ5198;0.28;13971;71.39;17630;1181.97;2390.43;0.71;28
AV3392;0.3;11232;75.28;17337;1037.95;2109.12;0.83;25
BA4184;0.15;5049;10.12;661;544.62;3107.43;0.3;6
KE9821;0.48;13812;73.58;16322;1128.09;2228.97;0.91;28
AV7365;0.21;14798;72.75;19202;916.3;2380.94;0.85;25
QR6945;0.25;12899;83.83;19901;1003.96;2496.36;0.79;25
WN3720;0.14;3968;15.78;2482;548.58;3176.42;0.17;6
QR5930;0.11;4774;16.32;2315;537.44;2837.15;0.09;5
KE3851;0.09;5995;0.91;1109;648.41;2942.17;0.1;0
LA5369;0.25;13840;85.87;10083;1101.7;2229.74;0.73;26
SA8434;0.08;5496;2.16;2325;533.27;3141.67;0.17;0
CX3155;0.14;3753;1.37;2467;627.8;2925.09;0.17;6
SK4476;0.14;4872;1.56;1326;608.67;3089.54;0.06;4
NH3973;0.31;13325;82.81;12770;908.65;2235.17;0.83;26
ET1652;0.44;14075;82.16;14593;1112.75;2342.66;0.76;26
QF9447;0.07;4807;9.04;1567;516.35;2852.01;0.02;6
QR7340;0.11;3775;1.93;1287;502.89;2992.92;0.22;2
NH7502;0.37;14753;70.42;12473;964.12;2147.48;0.96;28
AM4317;0.14;4818;11.65;1430;544.77;3125.2;0.05;1
SA8435;0.41;13740;84.39;13659;1063.95;2231.43;0.92;29
QF2795;0.49;10234;74.66;18120;925.52;2163.06;0.77;27
NH9125;0.38;13945;80.04;12652;931.63;2160.37;0.96;27
SQ8152;0.26;15219;70.03;19458;919.41;2046.36;0.7;28
AF7550;0.15;3643;2.98;2055;629.93;2833.97;0.08;2
WN2862;0.06;5534;9.5;817;573.93;2954.55;0.2;0
AM3602;0.09;3415;3.18;2320;529.44;2814.06;0.2;5
QF6795;0.38;12762;75.78;11425;1098.86;2394.44;0.77;26
CX4540;0.12;3356;4.74;1773;558.33;3152.52;0.2;1
AM5243;0.21;10411;77.52;13973;996.63;2423.52;0.75;25
LA4492;0.13;5418;2.37;1371;587.36;3115.48;0.24;9
NZ9098;0.32;11674;83.75;10929;1109.41;2319.93;0.84;25
BA8980;0.36;14773;71.36;18998;1161.11;2344.9;0.78;26
SA2287;0.14;3063;5.18;1424;648.7;3019.38;0.21;6
WN2544;0.14;5202;0.94;2063;646.32;3194.88;0.23;5
QF6150;0.34;11109;84.56;15551;1115.9;2102.76;0.72;25
QF4565;0.38;10104;78.98;11371;1002.25;2399.89;0.98;28
BA4740;0.09;4000;5.31;948;623.22;3001.99;0.27;8
ET8852;0.13;3384;1.96;653;500.66;2812.89;0.25;4
AM8764;0.49;12426;76.33;12071;990.53;2062.07;0.89;25
QF1378;0.49;11878;73.74;11618;983.5;2020.49;0.85;26
AC8457;0.3;12986;77.82;18465;1189.04;2403.46;0.72;25
KE7832;0.4;14890;83.51;12637;990.51;2276.78;0.79;25
AZ7115;0.22;12074;79.51;18691;915.44;2076.15;0.73;29
WN1167;0.48;14530;76.29;17692;908.35;2310.73;0.91;26
UA1770;0.06;3730;5.34;1178;548.35;2880.49;0.12;3
ET4205;0.12;4710;14.47;2407;512.51;3144.32;0.15;3
ET7935;0.39;11187;83.61;10838;999.2;2170.24;0.74;27
SQ2732;0.34;11020;79.7;15739;1085.38;2437.18;0.97;25
KL6936;0.13;5832;11.71;1819;565.16;3145.07;0.21;4
AV8175;0.11;5989;5.16;1225;648.76;2989.84;0.2;0
LH1276;0.06;4795;18.03;2245;597.92;3114.42;0.02;2
AF2120;0.06;5307;4.8;1046;509.32;3136.73;0.05;5
KE9236;0.31;14458;77.7;14776;1054.5;2089.42;0.72;27
CX7004;0.08;4502;3.13;755;537.5;3037.32;0.1;2
CX2657;0.34;11033;75.39;14279;1104.62;2236.05;0.92;29
SA4429;0.3;11658;75.83;19010;1200.0;2285.24;0.92;29
LH6965;0.07;3989;3.19;2356;614.41;3049.16;0.24;2
TG1736;0.08;3346;5.14;1657;601.52;3095.6;0.04;0
QR2379;0.11;3055;15.12;1603;641.46;3151.34;0.06;5
CX8353;0.36;12426;79.47;18203;1152.24;2138.18;0.98;25
TG8145;0.49;14141;75.93;13786;1129.28;2166.33;0.87;28
SA4783;0.11;3005;18.47;1380;606.78;2846.37;0.2;8
SK6623;0.49;12876;75.18;19214;1003.1;2322.13;0.75;27
QF5776;0.1;5887;10.03;2044;554.66;2954.74;0.09;0
AM6493;0.08;5972;4.88;1517;583.07;2869.96;0.16;9
AM7304;0.36;13451;75.71;18280;1088.37;2070.9;0.78;29
LH3045;0.32;10953;71.96;13963;1070.11;2132.68;0.77;29
SQ3769;0.4;13420;85.34;18273;1157.98;2474.66;0.72;27
AZ9034;0.11;5051;17.94;1922;529.06;2925.73;0.17;1
ET3931;0.15;3788;0.64;867;574.22;3128.28;0.21;3
NH6916;0.27;10067;84.39;11430;991.72;2102.26;0.93;25
AZ7820;0.43;12605;82.62;18936;1155.74;2355.66;0.71;29
AI1305;0.26;10414;80.64;14835;911.29;2174.77;0.98;28
ET6593;0.49;14756;72.12;16531;907.22;2032.57;0.92;28
AI8841;0.34;13368;75.97;17137;1161.38;2064.82;0.71;29
AV8306;0.09;4365;2.18;971;529.8;3029.44;0.13;7
BA4990;0.33;10700;73.6;15166;1142.69;2006.59;0.96;26
LH8760;0.38;11659;78.8;19164;1024.85;2316.57;0.92;25
BA5635;0.42;12741;84.61;13750;1008.84;2142.38;0.78;26
EK4610;0.11;4255;10.25;1834;610.14;3196.73;0.01;2
BA2542;0.28;10523;70.76;14605;1191.81;2124.6;0.78;27
SK7694;0.13;5817;19.25;1999;517.8;2873.16;0.07;7
SA2730;0.13;5139;2.09;935;566.71;3133.71;0.18;7
IB7558;0.21;14227;71.22;14998;966.49;2001.98;0.73;26
TG5187;0.34;12481;84.54;14862;1003.08;2457.98;0.79;27
AZ1674;0.44;10976;84.53;12545;1071.12;2023.47;0.74;26
KE8563;0.06;4737;17.09;1297;620.18;3178.13;0.2;1
AI6348;0.13;5341;12.76;1813;532.21;2854.25;0.18;6
EK5372;0.09;5356;1.12;782;512.45;3046.3;0.15;8
AM2655;0.45;11426;83.28;16344;1161.61;2463.68;0.87;26
AV4168;0.38;11904;83.19;10777;1178.59;2044.51;0.83;25
QR6944;0.47;15741;84.95;17735;1007.93;2414.71;0.74;26
IB1137;0.44;11096;72.09;13602;958.48;2323.53;0.9;25
ET6504;0.35;15084;78.45;15964;900.84;2131.76;0.82;28
NZ6282;0.06;5210;17.0;1064;550.53;3014.85;0.19;7
KE2453;0.31;10492;76.88;18344;1083.5;2334.04;0.88;29
NZ8627;0.29;13169;80.92;11201;934.46;2449.37;0.71;29
AM9071;0.48;15740;82.92;16042;1148.63;2438.9;0.98;25
DL4436;0.25;12601;84.63;19183;1112.32;2191.8;0.91;25
UA6087;0.13;3240;12.78;2347;626.29;3141.25;0.27;1
NH6177;0.47;13529;78.39;19449;1104.14;2049.07;0.84;28
QR7324;0.1;4182;18.88;1933;538.77;3057.04;0.08;6
KL3038;0.41;10573;77.23;11120;1059.73;2127.78;0.79;28
QF8051;0.08;3189;3.69;2369;575.75;3132.96;0.19;7
WN9630;0.12;5078;19.45;2458;500.33;2812.33;0.18;0
QR3146;0.31;10079;83.65;18119;1098.8;2456.91;0.8;25
LH3182;0.4;11362;70.15;18347;1031.46;2341.94;0.74;25
SA1191;0.11;5625;1.24;1985;542.26;2920.63;0.14;5
UA6785;0.45;12974;76.47;16747;1107.0;2198.88;0.77;25
NZ3511;0.07;4736;13.64;1899;564.23;2823.29;0.09;6
AV3547;0.21;11372;83.09;13269;1166.09;2029.82;0.87;29
WN8565;0.4;15836;72.3;10768;980.62;2489.6;0.77;26
LH3163;0.47;13117;75.87;13581;1148.53;2355.68;0.9;27
UA5373;0.06;5544;8.64;2161;571.07;2876.59;0.04;9
BA7961;0.08;4794;15.81;1983;635.29;3081.11;0.06;3
SK7367;0.07;5232;1.26;2259;588.91;3195.62;0.11;2
AA8220;0.48;15158;71.53;15906;913.6;2096.59;0.85;25
SQ5580;0.47;15275;71.32;13606;900.31;2028.82;0.95;29
NZ6283;0.29;10036;83.71;18166;1095.85;2010.53;0.7;28
LA2115;0.13;5825;9.88;2410;610.07;2902.86;0.03;8
TG5404;0.49;12556;73.48;11026;1159.97;2015.62;0.82;26
SQ2482;0.26;10836;79.98;12784;1079.17;2023.51;0.97;25
DL7850;0.48;14103;72.72;14715;1101.49;2068.17;0.74;29
SK5012;0.29;14888;72.96;17651;1014.77;2157.68;0.73;25
AM9824;0.1;5317;14.68;1029;596.13;3156.39;0.04;3
QF1329;0.33;12177;77.91;14337;947.99;2167.32;0.86;25
QF3876;0.33;14949;74.41;19390;1128.06;2126.76;0.86;27
AM1425;0.09;4789;17.73;1839;585.71;3176.71;0.15;1
AZ2467;0.07;5571;2.24;1112;579.82;3015.94;0.02;8
BA1785;0.07;5503;2.64;1289;516.09;2986.25;0.29;0
AI5535;0.08;3253;10.63;2359;520.83;3089.78;0.13;0
EK2123;0.45;10662;85.19;14601;948.0;2306.25;0.82;25
SQ6228;0.12;4397;18.76;2256;560.53;3029.85;0.02;7
NZ9967;0.36;13019;85.02;12420;1009.39;2407.11;0.76;28
AI4444;0.05;3882;15.11;2202;621.54;2901.72;0.08;4
KE5892;0.28;11802;82.92;15988;1009.08;2403.64;0.72;25
AF1722;0.05;5329;4.91;1891;617.87;2995.46;0.21;9
QR2424;0.11;5485;17.41;1713;533.32;2863.16;0.26;0
NH4423;0.07;3226;12.16;702;500.27;2824.95;0.17;2
AI5502;0.05;3825;5.97;703;623.9;3116.41;0.26;1
SQ5378;0.31;14591;84.96;18205;906.98;2395.99;0.83;29
AC5159;0.13;3665;5.17;1049;542.81;3027.46;0.21;8
WN3151;0.11;4150;16.52;2146;564.49;3018.39;0.28;4
AI8523;0.45;15214;72.14;15654;931.11;2156.45;0.87;29
AA3879;0.4;13426;81.81;18650;1039.97;2393.01;0.94;27
LA3981;0.08;3836;8.28;1749;603.77;3040.1;0.08;6
KL5799;0.14;5818;4.89;2188;547.22;2966.18;0.12;8
AI2783;0.49;15713;76.32;12893;1185.19;2188.82;0.91;26
ET2308;0.14;4647;8.94;960;627.15;3070.09;0.04;9
BA3914;0.33;10221;85.36;18316;1011.0;2165.93;0.91;26
QF8052;0.26;10963;77.47;18840;1070.37;2487.73;0.91;25
NH8743;0.13;5029;9.52;1645;571.57;2981.35;0.11;8
QR5348;0.27;10141;81.83;10413;941.75;2423.56;0.93;25
AZ7831;0.36;11715;85.81;10059;1076.68;2462.76;0.93;29
QF4792;0.45;15115;83.02;15457;972.38;2417.56;0.82;28
SQ3555;0.1;3903;14.88;886;640.97;2939.2;0.05;8
CX4778;0.34;14965;77.42;19772;1137.55;2223.62;0.76;25
AA8769;0.06;4503;4.87;924;582.34;2917.91;0.17;2
LA1544;0.13;4189;16.1;2482;501.86;2894.7;0.27;5
AF8339;0.06;3640;12.5;2056;565.97;3063.3;0.15;4
LA2475;0.11;5358;0.79;1163;530.54;2959.79;0.22;2
BA9625;0.08;4505;16.36;664;555.65;2827.24;0.16;0
DL3679;0.25;11520;80.44;13074;1115.94;2487.71;0.94;27
NZ1172;0.1;5922;10.69;2314;509.22;2908.6;0.06;2
AV4300;0.2;13702;82.63;15531;902.0;2363.36;0.74;25
NH3141;0.27;13887;79.6;11875;1038.25;2195.78;0.78;26
NH6529;0.09;4629;14.21;946;611.91;3177.24;0.26;9
KE3317;0.25;13181;79.33;19233;1084.92;2296.65;0.84;27
IB2817;0.32;11130;74.31;15052;1088.66;2144.42;0.93;27
QF6897;0.1;3238;15.76;1269;507.33;3133.39;0.06;1
EK3851;0.43;15021;80.35;13701;1102.81;2117.68;0.91;28
UA5184;0.46;13887;81.77;17520;973.28;2136.88;0.84;25
SQ2653;0.14;5656;13.02;2104;582.91;3023.79;0.21;4
AC2767;0.34;12835;71.25;17552;1047.74;2097.06;0.91;28
IB5135;0.06;3499;9.35;709;525.74;3044.45;0.15;4
DL6443;0.06;4056;3.91;751;563.01;2859.92;0.14;7
SA4087;0.1;4566;19.18;2014;511.43;3162.29;0.24;7
LH2007;0.35;10612;85.74;15947;1110.45;2284.77;0.9;28
AM4620;0.37;11978;75.52;10378;1152.97;2254.52;0.81;26
AA1670;0.11;5220;14.39;1787;562.06;2987.75;0.04;2
TG3165;0.12;3651;13.34;1546;612.79;3132.27;0.06;3
SK4444;0.4;15543;85.63;16446;1073.37;2295.13;0.74;28
KL5452;0.08;3919;6.52;1676;562.87;2913.7;0.19;8
TG7226;0.07;3306;4.06;2104;635.15;2904.08;0.02;9
TG5846;0.22;15830;85.2;12200;1124.18;2457.33;0.73;28
UA3391;0.2;10574;71.05;10852;945.3;2077.25;0.99;26
AM6760;0.47;15551;71.47;15235;1140.8;2113.32;0.72;25
AM5180;0.13;3330;0.77;2041;563.54;2947.37;0.01;6
SA4549;0.5;12440;76.5;10448;909.04;2205.14;0.85;28
NZ5165;0.36;11669;79.74;10997;1054.51;2350.86;0.88;29
CX8117;0.1;3570;4.35;1178;522.81;3198.78;0.07;6
NH8541;0.27;12921;79.31;10713;1148.86;2112.82;0.88;25
NZ3512;0.22;15659;78.46;14820;933.59;2459.2;0.91;26
AV6609;0.35;10109;75.73;17125;1009.79;2055.42;0.78;26
AI4833;0.08;4512;6.71;759;595.39;3056.34;0.3;5
KE6519;0.08;4145;13.44;1406;559.62;3002.13;0.12;1
WN7757;0.42;12345;78.71;10504;905.65;2032.88;0.94;25
ET6785;0.1;4246;11.89;820;622.62;2872.65;0.18;0
CX4721;0.33;13728;75.63;12698;1122.74;2110.89;1.0;29
NH5949;0.28;14255;72.61;17887;1184.85;2416.24;0.76;25
DL2266;0.47;10189;70.4;12056;1061.66;2373.16;0.8;29
BA2359;0.47;10214;82.92;11569;997.21;2451.01;0.99;28
AF7952;0.09;5360;15.66;703;552.12;2868.26;0.15;7
BA7967;0.06;3400;0.42;2107;594.38;3111.6;0.21;6
QF1330;0.1;4270;3.2;1910;548.57;2947.35;0.27;9
QF8392;0.31;10616;72.85;18725;963.61;2223.85;0.93;26
AZ4071;0.05;4253;4.19;2145;567.71;3199.93;0.12;9
AF8227;0.37;11882;80.54;15871;1119.39;2409.86;0.83;28
SQ1871;0.1;5141;9.69;1350;599.74;3076.03;0.18;8
QR5322;0.26;15027;71.05;16720;1179.86;2082.71;0.73;28
AF8541;0.08;5581;0.22;1235;641.76;3002.54;0.05;9
QR6609;0.41;14946;77.51;19331;1169.43;2370.1;0.88;26
ET4833;0.45;15971;72.69;14879;980.33;2102.13;0.75;25
SA5364;0.46;12797;78.28;11414;978.3;2496.06;0.79;27
QF2015;0.12;3826;14.66;1175;561.6;2984.52;0.29;4
AC2768;0.09;4739;7.3;2444;612.13;3034.44;0.01;6
SQ2818;0.1;4762;4.0;2176;529.36;2925.99;0.27;8
UA6826;0.21;13834;71.72;12839;907.64;2054.3;0.89;27
AZ4962;0.32;13040;75.32;12654;1077.92;2466.64;0.79;26
AI6595;0.43;12623;79.02;12652;1054.41;2347.96;0.73;28
UA9619;0.43;14873;74.26;12304;1186.07;2076.33;0.79;29
EK8568;0.34;10192;72.12;12020;1158.65;2360.01;0.76;29
KE1522;0.4;10837;83.9;19770;1191.16;2084.74;0.89;28
AC5160;0.15;4356;12.43;864;636.99;2832.59;0.27;8
AV3548;0.11;5629;10.18;1088;644.4;2972.5;0.07;5
WN9434;0.09;5846;5.66;2097;500.1;2941.52;0.06;6
CX4113;0.25;14779;80.18;11276;1011.91;2363.87;0.95;28
AM8497;0.49;14832;71.97;12570;1050.66;2423.28;0.98;25
NZ1302;0.47;14928;83.35;16317;1186.12;2462.39;0.77;26
LH7411;0.25;11234;74.39;11473;956.34;2438.24;0.86;29
NH7606;0.36;11329;85.2;14973;929.01;2279.95;0.97;27
WN5860;0.08;3033;19.56;1294;550.23;3134.27;0.18;6
UA8748;0.46;14155;76.88;14816;1044.17;2194.84;0.93;27
WN8701;0.13;5475;1.58;1960;556.6;2933.42;0.21;2
LA3026;0.05;4088;1.05;1581;584.53;3080.22;0.23;1
IB4796;0.14;4368;14.75;1835;612.63;2947.34;0.08;6
NH3168;0.34;15004;83.73;12603;1099.51;2491.12;0.8;26
SK2434;0.1;4982;18.49;2204;516.1;3180.07;0.22;0
AC1444;0.27;14868;82.2;16135;935.16;2380.15;0.93;29
AF3819;0.06;5934;1.3;1680;592.71;3091.4;0.1;1
LH8277;0.09;3206;13.59;1403;510.5;2930.96;0.07;6
AV9115;0.38;11247;84.65;16312;962.4;2349.88;0.94;26
AF6719;0.12;3530;7.12;1971;551.46;2967.72;0.03;2
SA4548;0.24;12218;83.46;18824;1083.1;2348.07;0.74;26
LA4783;0.35;15534;75.63;12304;965.91;2191.95;0.75;26
SA2417;0.38;13264;73.07;16539;1198.62;2047.54;0.76;28
IB5615;0.21;13111;85.39;15736;944.72;2028.84;0.81;25
AC7380;0.29;13840;77.73;11736;1016.68;2483.38;0.75;25
LH1978;0.27;14222;84.9;11890;1141.25;2008.76;0.72;28
SK4478;0.08;5022;2.94;1444;641.91;3078.38;0.07;7
EK3102;0.5;11728;80.48;10618;944.44;2096.38;0.88;25
EK7294;0.24;11014;79.3;11418;936.03;2045.19;0.88;28
TG7432;0.07;5693;15.34;1064;531.3;3033.25;0.1;6
KE1926;0.3;13452;71.87;12419;1162.4;2432.77;0.97;25
AZ6527;0.12;5599;13.51;894;523.23;2933.75;0.14;7
EK4358;0.49;13304;83.44;12848;930.04;2059.35;0.89;25
UA7107;0.06;5585;6.1;1031;604.15;3094.05;0.03;5
KE1663;0.23;15750;76.55;18796;1014.71;2234.5;0.83;27
AA6888;0.48;11039;85.38;15863;1081.39;2006.32;0.76;25
AV2656;0.37;11014;74.61;16900;1076.63;2330.41;0.94;29
LH7516;0.07;4939;9.08;785;566.55;3015.49;0.1;7
AM4621;0.11;4777;0.33;813;626.93;3048.07;0.06;6
SQ8993;0.47;12165;82.85;10895;1053.75;2339.22;0.87;28
LH5523;0.13;3864;10.54;1865;582.58;3081.61;0.28;2
SA4858;0.07;3582;1.47;1176;635.96;2857.32;0.13;1
CX8540;0.26;10858;77.6;11478;1141.9;2404.41;0.82;26
AZ8816;0.06;4078;0.62;2165;549.27;2958.55;0.2;2
AV5663;0.49;11250;85.28;14775;1152.45;2371.48;0.95;26
AC4052;0.11;3072;13.05;1866;628.62;3140.65;0.04;5
AA2833;0.07;3882;18.0;886;647.81;3026.46;0.13;5
LH3292;0.14;3534;17.26;843;620.73;2806.29;0.15;4
UA4383;0.27;12409;84.85;12866;1093.41;2123.27;0.73;29
NH6836;0.36;15273;80.25;19380;1102.39;2301.65;0.96;29
WN1086;0.34;14960;84.76;15882;1140.26;2020.67;0.77;29
IB2418;0.46;13832;70.72;19199;1113.99;2180.75;0.98;28
TG4764;0.06;4810;4.04;1779;529.25;3184.36;0.11;0
KE9016;0.29;10128;70.38;11279;983.31;2066.47;0.87;28
AZ5348;0.39;13057;79.64;12876;1177.31;2127.52;0.85;27
SK9628;0.13;4241;0.58;2392;592.09;2862.0;0.1;3
SK8444;0.48;15712;79.11;11661;1119.97;2300.11;0.79;28
NZ1569;0.28;14213;70.47;13794;1161.58;2181.83;0.92;29
IB3113;0.08;3766;14.13;2389;639.72;3146.5;0.14;1
WN7674;0.09;4129;4.03;1236;578.89;3193.33;0.14;4
QF5718;0.42;11386;72.0;14699;1102.07;2004.97;0.94;25
IB2849;0.05;3368;17.08;1589;597.02;3128.57;0.13;0
AC7381;0.42;12820;77.46;12589;1120.1;2338.49;0.87;27
NH8056;0.1;5660;0.84;859;610.82;2973.32;0.22;4
AF6385;0.25;11929;74.69;17793;1069.16;2352.25;0.91;26
KL6392;0.12;5386;17.01;2291;536.28;2931.2;0.25;6
KE6235;0.37;12969;78.11;12131;903.57;2018.97;0.77;26
SK6642;0.3;14998;85.4;16323;955.38;2357.09;0.9;26
AC7975;0.29;15321;71.69;15560;1010.2;2158.38;0.8;26
AI7555;0.28;13984;85.01;12014;1143.63;2117.39;0.77;29
WN1985;0.42;10362;79.29;14557;1061.86;2173.3;0.76;29
SA8877;0.46;11071;74.73;17640;940.63;2016.48;0.94;29
NH2891;0.49;11142;70.29;18694;1030.23;2254.24;0.83;29
NH5763;0.09;4827;0.78;1205;576.45;2961.98;0.29;7
AA8058;0.09;3628;8.19;1232;552.79;3090.19;0.19;9
UA1914;0.24;11104;70.06;15948;915.79;2398.1;0.86;25
AV4742;0.14;3077;10.67;1062;547.14;3039.43;0.15;6
SK7263;0.35;12533;82.23;18570;983.8;2352.08;0.77;27
QF8880;0.44;11027;71.73;10109;1069.51;2018.57;0.95;29
QR2866;0.37;10133;79.4;11620;1168.38;2029.77;0.98;27
AC6343;0.24;10877;73.56;11550;1066.69;2260.05;0.94;29
SQ8046;0.07;4208;16.94;1400;597.63;2827.45;0.11;9
SK7368;0.13;4351;7.22;684;501.57;2874.92;0.12;5
LH8278;0.07;4937;12.49;685;606.69;3071.46;0.03;1
SK7017;0.31;13176;76.87;19648;944.1;2374.77;0.75;25
QF4469;0.11;3325;6.98;1719;621.49;2833.71;0.12;7
AV2988;0.27;14606;80.19;17232;1072.66;2273.06;0.87;25
AZ7053;0.06;4677;18.94;1381;640.13;3188.9;0.17;1
KL6393;0.13;3962;11.53;1741;510.71;2847.23;0.26;1
DL3680;0.06;4942;2.63;857;608.9;2994.73;0.18;7
UA4288;0.08;4993;17.74;2229;634.72;3036.67;0.23;2
LH2485;0.45;15645;81.77;16173;1054.06;2433.46;0.95;25
SQ3534;0.1;4188;9.97;2188;625.26;2865.74;0.12;6
AM6972;0.07;3375;12.57;1323;609.94;2866.39;0.01;1
WN4815;0.09;4239;19.49;1716;633.9;3180.46;0.29;4
KE6156;0.13;4834;3.67;1221;629.46;2852.36;0.21;3
IB5963;0.13;5902;19.18;1344;579.12;3008.81;0.2;3
ET1460;0.23;13991;73.87;12073;1034.14;2201.5;0.73;28
IB8664;0.32;15716;83.89;11430;946.27;2017.25;0.92;27
SA8898;0.09;5321;15.1;2339;586.79;2999.54;0.26;5
QR7768;0.07;5887;9.35;1489;608.94;2998.26;0.27;7
UA4854;0.08;5202;2.08;1166;617.78;3057.36;0.14;6
NH9722;0.13;3261;9.91;2387;526.89;2871.69;0.29;6
AI1237;0.22;15168;83.59;19521;973.87;2390.58;0.73;28
SK3891;0.06;5349;18.43;2131;502.82;2994.99;0.25;0
TG6855;0.32;15518;73.59;19616;1097.47;2051.29;0.71;28
KE4411;0.15;4793;19.07;765;525.34;3041.51;0.14;5
QF8881;0.3;15784;80.58;13533;1090.14;2381.29;0.96;26
AA1980;0.11;4704;5.28;1460;503.6;3113.55;0.01;8
AC5771;0.08;3502;16.14;1572;640.65;3013.11;0.15;1
NZ6764;0.1;4790;15.16;1216;646.36;2885.43;0.23;7
WN3567;0.11;4630;8.9;1217;593.61;2925.33;0.09;2
AZ7822;0.49;13702;70.67;17793;945.29;2237.54;0.96;29
KE3181;0.1;4540;14.96;2309;584.76;2996.54;0.03;4
AF6606;0.1;3001;14.85;2492;538.08;3071.06;0.02;6
DL4723;0.1;4406;8.82;2426;549.1;2968.91;0.13;6
AM2354;0.12;3164;2.29;2042;648.51;2996.1;0.14;7
CX4541;0.06;4792;1.32;2333;574.57;3105.45;0.26;5
NZ8106;0.1;3318;4.7;1993;509.56;3138.68;0.21;0
QR5610;0.05;4851;5.18;676;594.14;2871.58;0.05;9
AF3264;0.21;14542;71.31;14683;981.42;2388.5;0.95;25
AM7051;0.09;4856;0.89;1181;617.93;2874.27;0.23;9
SQ3948;0.08;5638;1.15;1097;648.34;2907.0;0.09;7
LH6097;0.37;15240;77.03;17062;1110.49;2353.63;0.87;27
UA1667;0.28;12278;78.98;11730;1146.14;2182.47;1.0;26
UA5552;0.45;14804;75.39;11797;1185.5;2225.77;0.85;27
LH3401;0.11;4757;19.79;2312;523.27;3165.54;0.01;4
QR6356;0.26;14205;76.9;13570;1171.73;2190.51;0.86;25
AA9066;0.28;11425;70.52;12272;1042.61;2056.74;0.72;29
AM6618;0.21;10527;82.32;13296;961.03;2226.07;0.92;29
NH3030;0.13;3830;14.53;1186;581.3;2912.88;0.23;0
SA2680;0.05;4882;8.47;2211;615.77;3133.94;0.3;5
NH2640;0.08;5266;5.19;816;642.87;2978.47;0.28;3
AM5332;0.05;3368;0.94;669;580.52;2835.75;0.18;4
AV2802;0.11;3785;16.27;1177;647.63;2886.1;0.06;8
NH9241;0.41;10544;85.74;15233;1060.01;2457.45;0.78;28
NZ9603;0.07;4319;18.72;981;590.77;3059.7;0.19;8
AA1405;0.14;4395;11.6;2049;500.97;2974.73;0.3;0
NZ3240;0.27;12334;77.44;12577;934.91;2328.23;0.87;29
KL1170;0.38;14319;81.96;19463;1137.75;2393.09;0.96;25
AI4924;0.06;4146;8.07;1099;531.39;2861.62;0.08;1
KE6236;0.23;13687;70.73;17386;937.34;2444.4;0.92;27
QR6757;0.47;15121;81.8;15854;989.48;2429.17;0.79;28
QR3399;0.3;10589;74.6;14079;1004.64;2398.52;0.93;25
DL5304;0.07;5565;10.13;2032;554.94;3029.19;0.07;1
AC3020;0.14;3154;13.17;896;583.15;3098.84;0.19;4
AM3307;0.42;15339;74.17;17099;1061.21;2240.77;0.94;27
BA7461;0.13;4438;10.05;2445;512.94;3072.02;0.26;6
AC9578;0.09;5124;3.35;1102;628.54;2959.9;0.02;4
KE5403;0.09;5622;0.59;2108;600.96;3197.71;0.29;3
IB9356;0.42;14930;82.35;13032;1170.78;2222.74;0.83;25
KL8666;0.23;12220;80.84;12106;923.56;2179.06;0.96;28
TG7416;0.07;5428;16.0;2267;583.47;2930.45;0.18;5
AF6433;0.1;4922;10.52;2306;609.93;2988.48;0.22;0
AZ1471;0.08;3481;7.53;1607;574.59;3074.76;0.05;8
EK1431;0.46;12738;70.4;11207;1143.03;2490.92;0.7;25
SA1576;0.12;3938;1.28;1942;573.63;3098.98;0.1;6
NZ9968;0.14;4103;13.75;886;579.67;3097.57;0.1;5
AC9289;0.14;4367;2.98;1430;597.55;2842.61;0.21;2
AI9055;0.48;15615;85.7;10551;1035.14;2320.69;0.96;27
UA4283;0.34;10755;77.26;14354;1074.12;2384.72;0.78;26
EK4042;0.2;15003;76.18;10097;903.88;2122.02;0.9;27
AI5828;0.08;5735;12.84;1793;592.93;3197.14;0.25;7
EK8571;0.11;3011;16.21;1543;646.55;2886.08;0.21;5
SQ9982;0.41;12000;80.5;15698;989.38;2491.97;0.73;28
AV7819;0.34;13105;70.19;11981;926.41;2060.34;0.94;26
AM4035;0.47;10178;70.34;10819;1158.73;2230.01;0.87;29
AF3820;0.3;15752;82.3;13481;1090.22;2135.39;0.77;25
IB3835;0.42;15640;79.02;17880;1028.16;2036.59;0.93;27
SK5790;0.07;5380;7.03;2130;637.9;3056.61;0.14;5
AC1726;0.07;4533;8.91;1041;548.67;3012.13;0.14;5
QR5478;0.13;5191;1.63;939;577.4;3180.34;0.25;3
NZ7696;0.37;12045;84.05;16960;1047.19;2253.47;0.84;29
AF5390;0.12;5501;0.66;2183;610.25;3006.94;0.01;6
DL8835;0.06;5175;18.01;1997;533.36;3085.39;0.29;5
BA4649;0.1;4608;10.38;1778;523.51;3135.49;0.09;2
LH6337;0.11;4134;10.24;1245;530.38;2901.85;0.23;3
NZ6776;0.28;13109;72.14;13525;915.29;2453.14;0.9;25
AA7485;0.3;12779;82.28;13632;1113.26;2122.3;0.79;29
KE3954;0.08;3808;10.38;659;502.96;3076.46;0.2;3
AZ9404;0.15;4394;2.52;1047;507.05;2968.26;0.18;8
AF5408;0.13;5544;18.78;1600;613.98;2951.28;0.1;9
SK2435;0.06;4050;18.72;657;618.15;3069.77;0.23;6
UA9423;0.1;5175;10.73;693;591.34;2918.2;0.21;0
WN9242;0.49;13971;80.36;19148;1140.34;2436.82;0.87;27
QR6450;0.08;5778;17.02;2267;589.61;2942.51;0.18;5
UA8751;0.39;12214;84.66;18168;995.42;2465.39;0.95;25
QR4498;0.06;5231;16.01;2251;608.86;3150.43;0.17;7
KE3049;0.37;10973;81.37;19210;1017.93;2246.07;0.79;28
LH5685;0.05;5940;7.19;1066;516.62;3123.87;0.27;7
CX3985;0.4;15458;76.12;10735;1096.25;2106.58;0.88;29
KE6237;0.43;11736;71.5;11725;967.25;2469.23;0.82;25
QF2364;0.12;5630;12.28;1807;534.48;2887.57;0.13;9
AZ2773;0.06;5171;6.59;1657;584.12;2874.07;0.14;6
WN9155;0.44;14646;75.96;18765;985.27;2248.76;0.98;27
AM3648;0.44;15375;80.02;17210;985.13;2012.94;0.97;27
QF8551;0.08;5501;18.62;1825;506.65;2988.11;0.14;5
LH1985;0.43;14507;70.25;19352;1139.78;2218.13;0.9;26
EK1066;0.26;12949;75.12;17906;906.12;2059.0;0.98;28
IB2298;0.49;14728;77.77;14646;1092.52;2048.76;0.88;27
AM3793;0.32;10573;73.91;16469;1122.58;2479.47;0.8;25
AF6240;0.1;4767;14.09;1128;602.17;3022.25;0.18;7
WN9336;0.24;14516;85.54;15443;1129.6;2388.55;0.99;29
KE1537;0.47;12494;76.31;12671;1018.54;2428.8;0.71;27
QF4544;0.15;3311;7.3;1449;614.21;3179.5;0.27;3
NZ7697;0.09;4816;16.74;1285;608.98;3181.26;0.06;6
NH2700;0.08;4757;6.91;1537;647.58;2916.34;0.09;9
WN1798;0.07;3408;11.73;1811;598.27;2883.1;0.06;9
NZ1546;0.34;12726;84.45;19174;1114.43;2246.53;0.71;28
NZ9000;0.13;5574;14.12;2408;527.67;3174.59;0.29;5
WN9954;0.12;3891;17.45;1332;610.21;3057.64;0.03;2
BA7332;0.07;5248;1.88;776;609.27;2822.82;0.21;5
AV7494;0.08;4055;13.6;729;638.21;2985.2;0.15;7
AF7953;0.06;3393;11.1;1278;556.55;2905.03;0.06;9
KL7820;0.45;14952;81.95;16680;990.58;2251.34;0.85;25
AM9841;0.21;15055;70.78;11715;1014.25;2350.57;0.84;27
AI9969;0.34;10285;81.04;11644;955.13;2111.58;0.92;29
QF4545;0.45;12749;81.71;11072;1024.37;2257.29;0.73;29
AA4202;0.2;13848;85.46;18404;1084.32;2363.86;0.73;27
SA6382;0.05;3325;0.14;1896;621.23;3072.28;0.11;5
LH4335;0.26;12982;74.74;16321;1128.6;2057.29;0.89;27
AA8853;0.05;3817;18.34;1655;542.48;3141.13;0.06;2
AV3374;0.29;13982;81.01;12969;1198.9;2143.2;0.85;25
KE7452;0.08;3657;15.54;2236;629.68;3064.72;0.0;8
QR8006;0.09;5339;18.59;652;504.92;3185.98;0.3;0
QR7112;0.49;11397;76.68;13346;913.71;2456.41;0.86;27
BA1149;0.35;10699;74.25;15695;1127.51;2154.21;0.74;28
SQ3780;0.08;3013;17.56;1932;622.84;3084.82;0.21;4
UA9424;0.21;15722;81.04;13681;1025.6;2185.59;0.8;25
AA4031;0.07;5931;19.96;1832;574.03;2882.58;0.14;4
AV8307;0.25;13506;83.96;18298;972.75;2409.26;0.9;25
WN7726;0.11;5087;18.65;891;567.0;2993.12;0.13;8
NH6825;0.44;13157;78.11;11217;1186.72;2171.74;0.74;25
ET8511;0.37;14514;75.11;11859;905.57;2466.79;0.98;28
AZ8496;0.28;10473;73.26;19877;1195.49;2159.45;0.71;27
QR1805;0.1;5959;6.74;717;511.06;2914.04;0.17;2
LA8837;0.1;3362;6.53;2363;534.36;3062.77;0.03;5
LH3536;0.09;4845;5.63;1461;540.03;2904.75;0.17;3
LH6338;0.05;4669;10.11;2062;649.47;2857.05;0.16;2
WN4624;0.12;5510;13.01;1570;588.55;3043.65;0.2;0
QR1587;0.31;15344;75.93;19237;1083.12;2445.02;0.93;25
SK9545;0.48;12294;80.95;13229;1119.94;2370.48;0.96;28
TG5280;0.1;3963;12.2;2219;619.71;3199.33;0.18;4
ET1809;0.25;11061;71.85;18597;997.4;2006.71;0.83;29
NZ6109;0.2;15330;70.68;12934;1108.21;2386.58;0.85;28
SA2979;0.14;5018;14.9;1475;563.75;3167.7;0.01;5
SK2512;0.08;4234;2.25;2004;564.17;3014.86;0.07;1
AF5759;0.11;5662;0.66;1695;617.05;3098.97;0.04;3
QR1240;0.39;13288;79.72;11624;1164.59;2010.38;0.76;29
AZ2894;0.2;12951;75.13;19150;1110.59;2357.22;0.93;29
KE9657;0.32;10641;72.4;16580;928.75;2039.9;0.97;28
AZ1725;0.14;5918;7.21;960;542.44;2994.57;0.14;6
ET9986;0.07;3452;1.92;991;636.27;2973.76;0.04;1
QF7414;0.32;12215;81.51;18701;1141.21;2128.8;0.84;25
EK4555;0.47;10299;73.24;14742;1093.91;2368.18;0.94;28
ET8839;0.33;14741;76.03;10539;903.75;2148.88;0.92;27
AZ1037;0.31;14920;71.76;15664;1174.38;2426.11;0.95;25
AA6628;0.11;5710;3.46;1340;553.74;2859.44;0.29;8
LA9044;0.39;12287;79.61;10642;973.8;2252.76;0.87;26
LH3183;0.43;12032;84.49;18486;1191.88;2310.23;0.87;28
EK5011;0.29;13701;76.86;12809;1156.51;2333.49;0.8;29
AC7315;0.08;3506;15.99;2138;628.83;2900.59;0.29;7
QR3296;0.14;3768;7.74;1993;639.12;2918.74;0.19;5
QF6361;0.08;5738;13.58;735;576.32;3130.68;0.09;4
CX1163;0.42;15936;83.74;19709;1010.09;2481.66;0.85;25
AV8569;0.13;3950;17.92;2063;578.5;3014.08;0.11;5
KE7714;0.32;13074;77.08;15675;1118.43;2065.61;0.85;26
DL8854;0.36;11334;79.68;13064;972.09;2123.0;0.88;27
ET2634;0.23;13142;82.7;10596;1010.98;2354.83;0.72;27
WN5043;0.12;4832;17.97;1264;544.32;2909.15;0.01;5
IB6717;0.12;5059;18.43;1890;599.13;2873.64;0.1;0
NZ1208;0.33;14437;73.66;18626;1072.09;2385.34;0.99;25
AV1895;0.49;15786;77.46;16295;985.96;2465.17;0.75;25
QF3964;0.24;15400;82.61;19704;940.86;2424.98;0.83;27
DL1233;0.08;5953;2.62;753;608.0;3025.84;0.24;8
NZ1707;0.15;4566;9.15;1258;508.22;3195.21;0.07;4
SA8121;0.11;4732;2.21;1196;594.72;3077.02;0.27;2
QF6834;0.06;5726;3.86;2359;526.67;2915.3;0.13;3
AI9365;0.08;5103;13.73;642;630.28;3160.26;0.26;5
QR8923;0.44;14719;84.47;11990;947.73;2027.16;0.95;27
SQ3260;0.1;5993;5.02;1049;573.51;3112.8;0.26;3
QR2435;0.36;11422;78.68;14587;1001.73;2345.5;0.71;26
TG7204;0.14;4221;16.22;1441;543.32;2821.87;0.27;6
KE3098;0.27;14242;85.48;14738;1095.7;2377.31;0.85;25
AZ9050;0.1;5064;10.74;1354;593.23;2957.78;0.23;7
SA7873;0.14;4920;6.3;710;636.36;2947.83;0.23;4
CX3691;0.21;10987;85.26;15272;1109.34;2448.0;0.77;26
AZ8989;0.4;14957;78.76;12203;920.4;2162.85;0.71;27
AA7962;0.28;15542;84.42;12628;1062.49;2494.93;0.95;29
BA7835;0.11;3701;4.92;1571;564.43;2851.21;0.06;9
NH6666;0.25;12324;79.05;14027;1010.09;2005.61;0.96;27
LH6305;0.43;15051;72.33;19361;978.99;2463.21;0.78;28
NZ8575;0.24;15552;77.92;18457;916.99;2218.22;0.85;28
AA5127;0.12;5063;6.91;2395;514.72;3036.44;0.29;0
LA7043;0.09;3583;1.93;1159;512.35;2949.41;0.05;3
AA4284;0.11;4409;13.91;659;610.82;2970.26;0.03;3
AM4822;0.45;14964;84.69;16560;963.26;2254.6;0.8;25
AA7447;0.46;11345;70.56;10723;1184.53;2059.98;0.79;29
KL3749;0.46;10785;84.15;15040;960.88;2021.35;0.92;28
BA4185;0.1;4702;1.9;839;589.75;3082.88;0.23;0
AA8666;0.15;3042;10.99;841;560.26;3156.94;0.23;4
ET6025;0.12;5629;14.03;2475;531.99;2939.43;0.29;9
AM8243;0.12;3754;14.54;2347;537.77;2866.91;0.26;5
IB9227;0.36;14866;72.15;18286;1086.57;2452.16;0.83;25
LH1832;0.3;13830;71.63;18349;1156.42;2038.69;0.9;27
AI4925;0.09;5663;10.41;1883;601.88;2934.51;0.1;0
LH5493;0.1;4635;16.01;2471;563.91;2972.0;0.14;4
TG3685;0.45;13503;77.88;18755;1089.94;2109.95;0.8;26
DL1925;0.34;14821;80.67;19018;1025.03;2403.92;0.75;28
AA4285;0.38;15453;81.06;18993;946.52;2057.64;0.94;29
QR3382;0.09;4948;5.42;1558;640.0;3105.62;0.28;0
ET5973;0.06;3748;5.79;2336;510.31;2950.67;0.25;4
AC3743;0.14;3896;4.94;1254;529.91;2970.82;0.04;6
AI2711;0.37;12124;76.19;18915;1048.99;2085.67;0.73;29
ET5946;0.3;13425;73.24;13117;902.41;2186.05;0.74;28
SK6775;0.38;14956;81.43;16244;962.35;2154.66;0.95;29
NH9613;0.09;3618;9.34;995;590.53;2845.21;0.08;1
AV7495;0.35;15630;77.8;13928;978.0;2041.89;0.82;25
CX4972;0.1;4014;7.55;1305;588.07;2939.49;0.09;6
AF4017;0.08;5307;3.43;1118;611.96;3112.49;0.17;4
EK3720;0.29;13320;70.17;19412;970.36;2149.35;0.94;27
ET3891;0.11;4816;9.34;2167;624.56;2817.3;0.29;3
TG4572;0.24;12838;75.37;13621;1197.35;2490.0;0.99;28
SA6570;0.11;4931;2.66;2381;558.45;3058.48;0.15;8
AM5261;0.07;5554;19.93;2456;588.31;3184.01;0.1;6
AI1169;0.36;13049;72.33;12975;937.7;2274.48;0.99;29
QR4438;0.06;4532;19.77;1436;523.91;3042.1;0.23;9
IB7103;0.44;15212;79.93;19835;941.21;2409.35;0.82;27
AC4413;0.15;3198;5.71;1550;601.81;2891.45;0.09;6
BA9448;0.15;4520;8.59;1035;544.27;2957.99;0.26;2
UA1915;0.13;4769;4.82;1811;586.31;3012.89;0.29;7
AM8507;0.22;14721;72.8;19421;1081.88;2057.7;0.72;27
QF3938;0.1;3057;16.38;1819;620.59;3132.55;0.28;5
UA3235;0.13;5213;16.62;2130;509.44;3099.5;0.21;2
IB1779;0.11;4114;6.65;2324;625.92;2992.35;0.06;3
TG7872;0.08;4702;12.84;714;636.0;3151.45;0.07;4
BA3369;0.46;11634;70.09;12910;919.07;2434.09;0.85;29
IB3698;0.07;3103;13.71;1201;615.42;3026.39;0.06;1
DL4345;0.13;3146;6.28;773;641.81;2919.49;0.01;1
KL5312;0.31;12467;81.32;16380;1126.26;2442.23;0.93;29
SK9544;0.46;11101;76.69;19220;936.48;2056.83;0.77;25
AZ1675;0.07;4954;9.47;1830;550.65;3067.39;0.04;3
CX9990;0.07;5368;7.57;1712;528.24;2834.16;0.26;4
KL5800;0.47;11261;72.34;11882;956.5;2262.5;0.74;25
TG4731;0.43;13035;83.44;12508;956.96;2301.0;0.73;26
KL7178;0.08;5066;18.64;947;602.13;3031.61;0.03;1
SK2122;0.49;12582;74.46;18964;1006.06;2085.19;0.93;27
BA6528;0.36;14483;82.37;12858;948.5;2380.01;0.89;25
AA1753;0.39;10682;81.21;14639;1001.97;2165.34;0.97;26
AI8807;0.26;15014;81.26;18193;1052.5;2374.89;0.8;27
LA7080;0.4;12247;75.87;13934;955.99;2078.36;0.86;25
DL1090;0.36;12442;76.96;15777;1033.82;2360.57;0.96;27
SK1423;0.14;4539;0.34;1814;524.94;3166.82;0.28;5
QF5089;0.24;13952;75.85;19587;1169.84;2458.29;0.75;26
SA1292;0.06;3226;8.05;699;509.11;2826.16;0.0;5
AI2948;0.07;5302;18.21;982;543.48;3117.95;0.28;6
SA2288;0.13;4733;11.57;1744;581.04;3152.97;0.19;5
NZ8224;0.36;15340;73.27;13386;1168.81;2412.0;0.92;27
AF6128;0.08;3442;14.47;1129;560.14;3007.56;0.26;8
AI3981;0.13;3613;12.06;1415;628.93;2998.95;0.2;5
WN4007;0.43;11400;71.97;16576;1116.97;2007.74;0.98;27
DL3554;0.32;10268;72.36;18571;993.73;2330.58;0.83;28
QR6374;0.05;5987;8.62;1060;535.66;3061.34;0.17;1
LA4242;0.09;3582;6.23;1265;506.75;3189.43;0.02;5
KL1091;0.21;10637;76.21;17010;962.49;2441.27;0.91;29
TG3890;0.5;11374;85.54;16933;1076.04;2121.73;1.0;27
AC6946;0.39;12020;84.32;17515;1023.35;2409.4;0.73;28
BA7701;0.09;5876;12.49;2131;612.47;2880.88;0.18;8
KE2609;0.43;12723;80.12;15503;1112.2;2170.95;0.78;29
NZ7086;0.05;4430;4.1;1975;564.6;3150.93;0.29;8
QR7627;0.07;4963;1.15;2194;572.57;2969.91;0.26;2
QF4698;0.49;12487;77.15;19863;1161.71;2031.74;1.0;26
SA5382;0.28;11152;77.28;18596;1091.67;2308.84;0.89;25
UA6353;0.1;5848;16.74;1800;541.85;2939.62;0.2;6
NZ9559;0.14;4249;15.96;1291;560.16;3002.29;0.25;6
KE9516;0.49;13908;76.12;17149;1080.62;2053.15;0.8;28
SA5308;0.08;4923;6.31;1664;582.71;3051.37;0.08;0
SK6761;0.06;5069;16.38;1716;613.65;2929.57;0.29;2
DL1375;0.07;5574;14.36;1395;543.71;3173.68;0.23;5
TG4368;0.41;11787;77.57;16218;971.09;2057.71;1.0;25
KE2000;0.5;12850;72.62;11728;1163.34;2005.37;0.87;26
SQ9836;0.05;3152;2.24;1554;578.06;2832.12;0.09;9
AC9760;0.09;3390;14.91;2061;551.53;2897.94;0.13;3
UA9030;0.1;5406;7.92;1242;635.44;2998.88;0.04;6
AA8312;0.08;3012;5.31;1337;570.52;2983.35;0.12;8
KE8640;0.13;3272;18.46;693;595.82;2826.45;0.29;4
AZ6999;0.23;10642;71.48;14672;1013.08;2477.56;0.78;27
KE7321;0.07;3115;17.84;1394;568.73;3004.17;0.23;3
KE2501;0.08;4768;15.38;1176;631.28;3159.0;0.12;7
AI9867;0.45;13551;82.91;15961;1177.85;2191.87;0.7;29
QF9280;0.07;5981;15.08;2122;634.27;3081.47;0.27;7
AZ5777;0.23;14265;78.63;13382;921.46;2218.78;0.81;25
AZ8138;0.13;4919;14.0;1739;577.23;2816.82;0.25;2
DL3021;0.14;3747;18.72;810;640.21;2894.18;0.04;2
AA3880;0.13;3538;18.54;2057;518.75;2960.27;0.17;2
WN1387;0.48;14102;85.96;17455;1100.37;2305.66;0.7;28
LA3204;0.48;11441;84.08;15687;1192.18;2167.45;0.8;26
SK6504;0.21;12474;73.64;19645;1031.11;2153.58;0.95;26
SQ9723;0.21;14106;77.93;19433;1093.39;2186.05;0.74;25
SA9162;0.23;13811;75.53;10658;1185.84;2260.1;0.84;27
AV9155;0.09;3167;2.96;1809;628.84;2890.43;0.22;9
TG5405;0.1;3854;5.5;2419;575.42;2874.85;0.12;1
DL7893;0.28;14943;83.61;19518;900.93;2338.92;0.82;29
SQ9837;0.24;10447;73.69;13057;930.59;2307.07;0.9;25
IB7753;0.11;4648;6.68;952;649.26;2843.98;0.23;3
EK7596;0.27;10122;70.09;17325;1017.62;2203.81;0.96;27
AA4152;0.33;15229;73.04;10522;1091.37;2169.47;0.97;25
QF2974;0.14;3474;15.16;2099;604.59;2906.94;0.19;9
UA5069;0.15;3240;8.75;2475;611.62;3112.97;0.17;9
IB4821;0.07;4423;1.74;1890;517.82;3108.98;0.06;9
NH4894;0.3;13751;76.89;13991;905.98;2331.0;0.86;28
EK3571;0.13;5931;17.85;693;503.16;3137.31;0.16;3
AZ2845;0.47;14399;73.1;14372;1092.04;2237.44;0.76;26
IB5964;0.08;5307;9.9;1011;580.84;3094.97;0.25;3
AV6156;0.11;3681;17.39;2215;643.76;2834.62;0.01;8
AM3649;0.41;15269;85.31;12592;1115.4;2291.18;0.78;26
KE7499;0.13;5706;1.08;1831;604.55;2812.07;0.29;9
AZ7452;0.1;5977;2.49;1943;509.94;3027.1;0.21;0
LH7175;0.06;3390;10.82;2487;551.52;3136.91;0.19;0
AC7769;0.11;3989;2.82;2033;543.91;2915.54;0.1;1
UA1392;0.2;12806;81.82;13849;959.96;2288.75;0.8;26
KE3611;0.07;3048;9.65;2379;541.08;2982.74;0.08;4
QR5358;0.09;4126;7.16;998;527.26;3102.35;0.25;0
BA7761;0.07;3653;12.61;915;534.21;2957.61;0.18;3
LH6904;0.11;4091;9.26;1345;545.32;2897.17;0.05;7
AM3700;0.13;5271;6.27;2093;572.19;3055.16;0.25;2
QR5977;0.06;4694;0.18;2482;570.01;3118.5;0.15;3
QF5892;0.07;5789;18.11;887;544.43;3137.43;0.27;5
KE9114;0.42;13698;72.38;16884;1138.62;2487.51;0.76;26
EK4646;0.48;13533;81.06;18324;929.58;2408.95;0.96;26
WN1868;0.08;5669;17.33;2288;530.77;3102.97;0.24;3
LH2858;0.34;14459;74.21;15514;1132.47;2399.31;0.75;29
NH5062;0.05;4375;7.87;2202;582.62;2867.77;0.0;9
SA2418;0.13;5493;19.28;961;617.3;2840.26;0.14;4
AA2610;0.48;10613;70.99;18683;1015.59;2028.34;0.87;28
LA4298;0.09;4101;17.15;1727;565.38;3173.14;0.07;5
SK3122;0.1;3253;17.0;2010;605.27;3164.53;0.05;9
QF9271;0.09;5058;17.21;2329;562.72;3023.58;0.1;8
TG5281;0.1;3575;12.27;901;618.97;3014.89;0.11;5
NZ3355;0.08;5153;6.31;1083;526.84;2837.49;0.28;4
SA4830;0.06;5262;7.39;2023;637.55;2834.98;0.03;8
DL5196;0.1;3578;9.78;1656;554.62;2942.72;0.21;4
AM2984;0.1;5693;0.6;2164;595.45;3020.84;0.18;0
LA5045;0.38;15804;83.79;14421;1146.75;2435.34;0.78;29
NH7193;0.07;3565;17.15;665;602.09;2985.65;0.07;7
BA4267;0.41;14936;74.33;12740;971.44;2349.8;0.89;28
QR9262;0.29;12800;72.66;18368;1024.27;2052.25;0.83;27
UA8455;0.1;3622;15.8;2162;557.4;3099.87;0.09;9
NH4392;0.38;11749;75.58;12837;956.04;2267.95;0.75;29
WN1388;0.1;4266;5.39;2270;525.07;3153.76;0.3;0
ET8204;0.46;15467;73.8;13344;1113.76;2105.16;0.75;27
AV2245;0.2;12833;80.46;17630;929.15;2421.55;0.78;28
AM6473;0.4;12667;84.23;14590;1051.49;2391.72;0.83;28
LH6903;0.11;4775;11.06;1727;578.29;2899.0;0.13;6
QR4818;0.11;3180;9.14;884;540.41;2992.93;0.27;2
AM4411;0.3;10075;72.94;18313;1188.62;2310.8;0.92;27
SA2518;0.06;5474;0.15;1103;516.25;3199.3;0.15;8
WN2403;0.22;10180;81.38;12411;918.66;2071.75;0.96;27
UA5434;0.27;10069;75.65;16065;1191.91;2427.01;0.94;27
NH4262;0.05;3763;8.63;2029;590.7;3174.76;0.18;7
BA9707;0.08;3901;5.93;823;596.75;2804.78;0.21;9
ET3337;0.07;5320;16.11;993;590.95;3088.7;0.13;3
CX1836;0.08;3323;13.83;2202;591.12;3131.12;0.06;3
AM6970;0.48;12126;81.09;18736;942.05;2268.28;0.87;29
SA6084;0.06;4672;12.39;2412;553.02;3114.57;0.16;9
AC9242;0.09;4979;4.75;1646;638.15;2943.27;0.28;3
NZ5969;0.35;11168;79.6;17351;1126.81;2024.44;0.86;28
UA5070;0.49;12180;80.28;11231;927.46;2443.72;0.84;28
AA4032;0.31;14638;77.64;11492;1139.54;2497.64;0.75;25
QR8188;0.46;11596;77.19;17033;1026.96;2068.48;0.75;25
NH1430;0.43;15492;81.16;11562;1064.57;2321.87;0.85;27
BA8910;0.08;3543;9.07;1099;534.76;3035.59;0.08;5
AF2048;0.09;5076;12.42;1991;568.67;2958.65;0.15;8
NZ5122;0.15;5427;18.42;1409;544.69;3013.76;0.02;1
IB2768;0.06;5847;3.46;1801;590.08;2896.88;0.17;6
LH1888;0.24;15661;80.78;14875;1170.67;2148.87;0.85;25
AF2581;0.21;13292;82.94;12032;1132.88;2332.44;0.85;29
ET3233;0.15;5232;18.07;2381;575.02;2818.71;0.29;6
EK7150;0.11;3141;0.64;2411;582.39;2954.1;0.21;7
AZ5549;0.22;10995;82.5;10759;1133.31;2117.49;0.76;28
AZ7021;0.3;13451;72.22;15803;1037.43;2492.36;0.9;26
KL6937;0.11;5399;16.03;1276;507.61;2955.5;0.01;1
SK4971;0.13;3475;14.43;1941;538.86;3111.82;0.04;6
SQ8153;0.49;11471;70.58;15389;912.95;2286.56;0.89;27
AZ9035;0.08;5385;1.41;1195;600.25;2865.27;0.25;0
KE3382;0.06;5606;19.29;2317;587.26;2852.26;0.14;0
QF3279;0.07;3426;0.19;782;592.86;2949.61;0.24;8
EK3918;0.29;10951;72.79;15579;1179.09;2088.91;0.71;27
NH5280;0.13;5225;14.42;656;612.57;2970.15;0.12;3
LH7664;0.1;4509;7.79;1809;522.13;3033.2;0.19;9
QR8924;0.1;4862;7.56;2227;562.14;2958.96;0.29;0
BA7256;0.13;4098;14.93;1265;551.67;2800.47;0.17;6
AF6122;0.12;4892;0.32;1753;604.21;3086.91;0.29;5
NH8979;0.12;5931;12.51;1643;617.43;3043.33;0.15;2
DL4294;0.06;5648;2.57;830;561.43;2961.38;0.06;4
WN8327;0.23;13978;71.14;14107;1177.62;2260.45;0.9;29
CX1465;0.09;3049;19.73;1963;510.4;2952.63;0.26;4
LA5408;0.46;10090;81.35;15578;956.34;2132.24;0.95;28
NZ4755;0.42;15537;74.83;15815;914.71;2378.56;0.84;29
QR9885;0.21;10795;82.58;17880;997.72;2332.62;0.72;29
SK7629;0.14;4953;9.91;1606;567.45;3165.2;0.08;7
AC2041;0.11;3512;13.19;797;568.73;2863.42;0.14;4
CX4114;0.11;3187;4.52;757;559.1;3190.14;0.26;9
KE7322;0.11;3526;12.5;1338;645.11;2818.06;0.18;0
SA8436;0.38;13434;83.23;12412;1010.66;2406.77;0.88;28
SQ9635;0.36;12480;81.6;18298;1081.9;2094.04;0.89;29
QR7020;0.07;4156;14.14;1314;504.22;2832.61;0.18;7
AZ8963;0.38;13735;82.49;16439;1077.34;2446.07;0.77;26
KL2728;0.5;10014;71.74;15946;1148.6;2399.91;0.91;26
BA6368;0.08;5134;4.87;1017;542.32;3008.1;0.15;1
CX3529;0.14;5832;7.34;2371;518.97;3040.93;0.07;4
DL3432;0.14;5055;6.62;1103;510.64;2901.17;0.26;0
AZ7443;0.05;4524;12.26;1013;563.77;2965.97;0.28;5
NH4045;0.48;14208;78.35;12695;1126.44;2021.38;0.71;29
AC9441;0.08;3556;15.02;1585;642.36;2935.16;0.2;6
WN7675;0.32;15217;72.86;13450;988.56;2251.99;0.95;26
SQ4171;0.22;15651;73.47;13158;973.11;2024.3;0.92;25
SA3713;0.34;10312;78.94;14037;925.8;2058.34;0.91;29
UA9835;0.07;4868;1.13;1827;568.15;3075.47;0.24;7
SA2814;0.37;12106;81.01;10937;955.37;2347.69;0.9;26
LH4956;0.06;5676;18.57;1833;501.25;2849.32;0.2;1
TG4099;0.11;3293;7.12;1248;510.27;3036.18;0.29;5
TG6294;0.49;11189;74.49;11861;1155.77;2037.7;0.83;28
UA8275;0.07;4233;4.09;2244;515.82;2882.06;0.16;8
LH7681;0.44;12265;73.79;17634;914.41;2274.22;0.83;26
WN7063;0.13;5814;9.83;1487;546.11;3083.41;0.22;8
AZ7290;0.13;5373;9.78;1104;604.0;3169.45;0.07;6
AI6000;0.44;15023;81.67;17145;1038.94;2094.25;0.8;28
SA2289;0.15;5081;16.46;1234;640.38;3140.39;0.26;0
AM2800;0.39;15814;85.35;14595;908.72;2154.9;0.78;29
SQ1109;0.09;4794;9.65;1454;643.99;3115.41;0.23;4
LA5197;0.44;14210;80.7;12730;1084.06;2336.03;0.84;26
KL2393;0.11;4590;8.57;998;544.97;3043.85;0.07;9
AC4609;0.25;14236;77.43;11941;1037.25;2160.74;0.92;27
KE7715;0.38;14290;84.11;18924;1109.82;2274.93;0.81;25
AF8542;0.14;5632;19.29;1583;634.57;3187.22;0.29;5
QF1128;0.09;5318;13.31;897;572.56;3148.3;0.11;2
NZ6084;0.47;12415;73.04;11148;1118.64;2088.2;0.98;26
AV4290;0.08;5292;1.01;2399;642.25;2810.57;0.13;4
AM8303;0.05;5563;18.82;2339;563.06;2833.65;0.08;8
EK8895;0.09;4071;2.12;1060;641.45;3195.74;0.08;0
QF5171;0.05;4655;12.7;1840;550.15;3188.55;0.12;2
LH8665;0.33;14773;84.14;16678;1111.51;2171.79;0.83;28
ET4912;0.24;10549;71.06;13017;1029.14;2424.83;0.79;29
WN5291;0.22;11249;72.58;12051;1141.07;2211.57;0.91;29
EK7295;0.12;4258;16.8;1994;523.76;3042.27;0.09;5
KL6524;0.48;14504;83.45;16905;1110.02;2167.07;0.87;25
AZ7376;0.13;5307;4.84;2286;517.39;3182.53;0.18;1
AF8543;0.36;12959;77.17;15278;1081.5;2161.73;0.78;25
AI5161;0.34;10938;74.7;17304;1113.4;2278.05;0.95;29
AC5567;0.11;4490;1.51;2484;529.83;2888.21;0.25;6
AZ2434;0.32;14955;79.39;13801;1044.11;2322.72;0.79;25
DL4260;0.09;3928;15.77;899;541.3;3179.63;0.14;6
AA6725;0.32;13493;79.49;16885;962.53;2108.69;0.97;25
KL2016;0.41;14968;81.64;10451;1192.22;2149.54;0.82;28
UA8235;0.42;15381;83.62;10284;1014.23;2234.25;0.72;28
AC4205;0.15;5739;9.2;1019;636.77;2816.74;0.27;9
QF1885;0.34;13932;78.19;19858;1024.03;2153.81;0.91;27
AF3357;0.25;13956;76.09;11961;1141.6;2484.11;0.8;28
WN9145;0.44;13620;81.8;14412;1193.33;2252.67;0.94;26
LH6339;0.13;4734;10.35;1534;513.54;2956.41;0.08;0
AI5829;0.2;12619;72.79;18467;1108.58;2335.58;0.85;29
QR4220;0.42;10333;73.28;14346;974.86;2433.2;0.98;29
AZ2628;0.29;13526;72.3;11969;1183.52;2402.79;0.7;28
CX9414;0.06;5517;7.88;1885;631.51;3060.1;0.09;7
ET9925;0.14;5659;1.32;1812;604.6;3053.36;0.14;4
AM3096;0.13;3310;8.92;1097;503.26;3049.37;0.17;4
IB3865;0.45;13441;84.14;19924;1164.93;2313.58;0.89;26
TG9997;0.08;5331;4.97;2134;538.96;3015.43;0.01;6
SA4550;0.36;15058;78.32;18175;908.63;2280.29;0.98;27
KL5073;0.21;11933;77.62;18381;919.16;2263.38;0.91;29
SA3071;0.13;4555;8.11;1032;608.72;2959.44;0.23;3
ET9590;0.31;14347;72.33;12142;1039.8;2396.9;0.92;28
TG4235;0.08;4106;5.6;1293;612.74;2943.12;0.24;9
AI4858;0.14;5075;0.58;2247;612.29;3025.38;0.28;1
BA6099;0.1;3758;17.63;839;561.85;3196.23;0.07;2
WN3568;0.05;5589;16.27;2270;519.15;3020.05;0.1;9
AV9936;0.23;14186;72.77;13966;925.36;2134.32;0.82;29
BA5814;0.05;4304;17.27;1741;504.16;3042.42;0.1;1
AC2322;0.21;15206;76.19;11613;973.31;2019.58;0.9;28
QR2850;0.45;12556;76.24;10216;1081.09;2492.12;0.97;27
NZ5365;0.14;5461;2.39;1223;604.24;3132.4;0.26;8
BA1547;0.24;11643;72.0;16321;945.86;2273.62;0.7;29
LA5370;0.3;12014;78.0;16705;1131.5;2201.79;0.96;26
AM8076;0.48;15404;81.66;15513;1136.9;2124.57;0.73;27
TG3919;0.15;5808;2.3;1564;583.31;2809.79;0.19;6
UA7542;0.26;10451;81.56;14151;1143.14;2417.8;0.7;27
AF3527;0.23;13747;80.15;13181;972.94;2457.15;0.91;27
QF1886;0.45;13093;73.36;11579;1168.02;2148.92;0.89;29
KL8738;0.09;3308;3.64;1531;511.81;3154.4;0.28;5
NZ3854;0.15;4063;5.93;2261;616.49;3101.3;0.28;2
UA9951;0.14;3464;19.74;1897;522.9;3129.48;0.22;7
SQ4035;0.23;12423;81.16;15616;1110.11;2350.67;1.0;29
CX5974;0.11;4142;19.96;1538;616.66;2889.88;0.24;6
NZ9286;0.14;3431;5.13;2255;506.76;3144.84;0.05;6
QR4953;0.48;11677;70.82;16192;940.98;2350.31;0.72;29
QR9037;0.3;15251;72.44;19317;1027.67;2055.38;0.86;27
UA9753;0.46;14265;85.81;10110;1032.61;2124.96;0.86;29
AC2870;0.08;3820;3.19;1330;554.86;3091.1;0.27;9
WN9435;0.06;3099;4.32;1698;581.91;3160.77;0.01;1
QF3103;0.09;4137;3.46;1453;573.84;2837.5;0.04;5
IB3862;0.09;3749;6.9;1299;632.79;3004.43;0.0;1
NH2788;0.15;5840;19.99;2426;525.61;2940.44;0.1;2
SQ9022;0.09;3490;9.18;1699;587.78;3057.89;0.15;6
UA4384;0.1;5306;11.79;1418;583.24;2855.34;0.08;8
SA9163;0.12;3484;2.01;1481;613.73;2879.01;0.08;3
BA6415;0.1;3377;2.54;1172;607.5;2807.92;0.27;9
NZ7026;0.08;3188;13.03;1700;554.69;2925.89;0.04;3
UA8268;0.23;12844;77.29;10548;1180.93;2454.41;0.82;28
QF5719;0.07;3668;1.12;942;542.73;3009.41;0.21;8
SK9059;0.09;5305;6.31;1634;641.48;3060.4;0.26;9
LA9192;0.23;14011;72.68;14011;1027.94;2263.63;0.98;27
AF2649;0.07;5368;4.91;1181;530.31;2954.24;0.28;8
SA6283;0.13;5234;19.68;1053;566.89;2830.13;0.21;5
LA7380;0.22;11047;72.99;12873;1060.62;2350.8;0.86;27
AC7293;0.15;5993;1.33;1035;564.52;3140.46;0.23;6
UA1658;0.09;5626;3.9;2370;544.07;3125.6;0.04;9
IB5239;0.09;5936;13.05;776;575.33;3016.45;0.11;4
UA9754;0.12;4820;19.7;906;545.26;3039.99;0.28;6
LH5850;0.23;11860;77.18;17671;928.51;2165.22;0.83;25
KL3196;0.28;14942;83.86;19233;1150.52;2149.73;0.87;28
LH1304;0.49;10883;82.7;13910;1062.13;2036.83;0.76;25
TG5265;0.23;15872;81.4;12477;1131.56;2356.32;0.87;28
KE3955;0.09;3865;3.31;651;534.56;3176.36;0.03;1
DL6866;0.07;3165;2.9;1277;507.26;2843.31;0.02;2
QR9373;0.43;10749;84.66;16782;939.72;2245.0;0.91;25
TG6514;0.36;11325;78.95;12072;1049.32;2398.32;0.83;26
EK6720;0.1;5632;3.07;1195;577.14;3084.13;0.25;4
EK9440;0.43;15270;83.25;10770;983.82;2226.04;0.89;28
WN9522;0.25;12675;73.77;15713;1138.98;2142.25;0.71;27
SK9763;0.4;12267;70.86;10126;1001.96;2169.09;0.75;25
AF1136;0.41;11609;73.63;19593;1147.54;2128.2;0.99;27
KL5155;0.3;14479;73.98;19555;1186.26;2391.51;0.9;26
SQ5486;0.15;4745;11.39;1611;563.66;2964.13;0.18;4
SA5365;0.3;11315;84.22;18464;1121.35;2160.1;0.94;27
